url,img,name,path,date_scraped
https://www.forever21.com/us/shop/catalog/product/f21/top_blouses/2000347911,https://www.forever21.com/images/default_330/00347911-03.jpg,Off-the-Shoulder Chiffon Crop Top,f21/top_blouses/img/page7_00347911-03.jpg,2019-02-26
https://www.forever21.com/us/shop/catalog/product/f21/top_blouses/2000338978,https://www.forever21.com/images/default_330/00338978-04.jpg,Cropped Tube Top & Maxi Skirt Set,f21/top_blouses/img/page7_00338978-04.jpg,2019-02-26
https://www.forever21.com/us/shop/catalog/product/f21/top_blouses/2000332945,https://www.forever21.com/images/default_330/00332945-03.jpg,Sheer Mesh Bodysuit,f21/top_blouses/img/page7_00332945-03.jpg,2019-02-26
https://www.forever21.com/us/shop/catalog/product/f21/top_blouses/2000348674,https://www.forever21.com/images/default_330/00348674-01.jpg,Zebra Print Crop Top,f21/top_blouses/img/page7_00348674-01.jpg,2019-02-26
https://www.forever21.com/us/shop/catalog/product/f21/top_blouses/2000345188,https://www.forever21.com/images/default_330/00345188-01.jpg,Tiger Print Crop Top & Midi Skirt Set,f21/top_blouses/img/page7_00345188-01.jpg,2019-02-26
https://www.forever21.com/us/shop/catalog/product/f21/top_blouses/2000341292,https://www.forever21.com/images/default_330/00341292-02.jpg,Sweater-Knit Halter Top,f21/top_blouses/img/page7_00341292-02.jpg,2019-02-26
https://www.forever21.com/us/shop/catalog/product/f21/top_blouses/2000343219,https://www.forever21.com/images/default_330/00343219-01.jpg,Newspaper Print Bodysuit,f21/top_blouses/img/page7_00343219-01.jpg,2019-02-26
https://www.forever21.com/us/shop/catalog/product/f21/top_blouses/2000341967,https://www.forever21.com/images/default_330/00341967-04.jpg,Ribbed Halter Top & Midi Skirt Set,f21/top_blouses/img/page7_00341967-04.jpg,2019-02-26
https://www.forever21.com/us/shop/catalog/product/f21/top_blouses/2000338744,https://www.forever21.com/images/default_330/00338744-03.jpg,Polka Dot Print Crop Top,f21/top_blouses/img/page7_00338744-03.jpg,2019-02-26
https://www.forever21.com/us/shop/catalog/product/f21/top_blouses/2000337302,https://www.forever21.com/images/default_330/00337302-05.jpg,Multicolor Striped Tee,f21/top_blouses/img/page7_00337302-05.jpg,2019-02-26
https://www.forever21.com/us/shop/catalog/product/f21/top_blouses/2000339234,https://www.forever21.com/images/default_330/00339234-02.jpg,Desert Sunset Graphic Tee,f21/top_blouses/img/page7_00339234-02.jpg,2019-02-26
https://www.forever21.com/us/shop/catalog/product/f21/top_blouses/2000339612,https://www.forever21.com/images/default_330/00339612-03.jpg,Floral Graphic Pocket Tee,f21/top_blouses/img/page7_00339612-03.jpg,2019-02-26
https://www.forever21.com/us/shop/catalog/product/f21/top_blouses/2000337825,https://www.forever21.com/images/default_330/00337825-04.jpg,Ribbed Lace-Up Cropped Cami,f21/top_blouses/img/page7_00337825-04.jpg,2019-02-26
https://www.forever21.com/us/shop/catalog/product/f21/top_blouses/2000341555,https://www.forever21.com/images/default_330/00341555-01.jpg,Floral Print Boxy Top,f21/top_blouses/img/page7_00341555-01.jpg,2019-02-26
https://www.forever21.com/us/shop/catalog/product/f21/top_blouses/2000337811,https://www.forever21.com/images/default_330/00337811-01.jpg,Sunflower Print Smocked Crop Top,f21/top_blouses/img/page7_00337811-01.jpg,2019-02-26
https://www.forever21.com/us/shop/catalog/product/f21/top_blouses/2000356830,https://www.forever21.com/images/default_330/00356830-01.jpg,Tiered Butterfly Sleeve Top,f21/top_blouses/img/page7_00356830-01.jpg,2019-02-26
https://www.forever21.com/us/shop/catalog/product/f21/top_blouses/2000333022,https://www.forever21.com/images/default_330/00333022-03.jpg,Ribbed V-Neck Cami,f21/top_blouses/img/page7_00333022-03.jpg,2019-02-26
https://www.forever21.com/us/shop/catalog/product/f21/top_blouses/2000339980,https://www.forever21.com/images/default_330/00339980-02.jpg,Lace Surplice Crop Top,f21/top_blouses/img/page7_00339980-02.jpg,2019-02-26
https://www.forever21.com/us/shop/catalog/product/f21/top_blouses/2000338917,https://www.forever21.com/images/default_330/00338917-03.jpg,Sleeveless Colorblock Top,f21/top_blouses/img/page7_00338917-03.jpg,2019-02-26
https://www.forever21.com/us/shop/catalog/product/f21/top_blouses/2000336394,https://www.forever21.com/images/default_330/00336394-03.jpg,Ribbed Slub Knit Top,f21/top_blouses/img/page7_00336394-03.jpg,2019-02-26
https://www.forever21.com/us/shop/catalog/product/f21/top_blouses/2000349656,https://www.forever21.com/images/default_330/00349656-01.jpg,Striped  Crop Top,f21/top_blouses/img/page7_00349656-01.jpg,2019-02-26
https://www.forever21.com/us/shop/catalog/product/f21/top_blouses/2000352082,https://www.forever21.com/images/default_330/00352082-01.jpg,Plunging Ribbed Bodysuit,f21/top_blouses/img/page7_00352082-01.jpg,2019-02-26
https://www.forever21.com/us/shop/catalog/product/f21/top_blouses/2000335056,https://www.forever21.com/images/default_330/00335056-02.jpg,Gauze Button-Front Shirt,f21/top_blouses/img/page7_00335056-02.jpg,2019-02-26
https://www.forever21.com/us/shop/catalog/product/f21/top_blouses/2000334702,https://www.forever21.com/images/default_330/00334702-02.jpg,Crochet Mock Neck Top,f21/top_blouses/img/page7_00334702-02.jpg,2019-02-26
https://www.forever21.com/us/shop/catalog/product/f21/top_blouses/2000329451,https://www.forever21.com/images/default_330/00329451-02.jpg,Striped-Trim Tube Top,f21/top_blouses/img/page7_00329451-02.jpg,2019-02-26
https://www.forever21.com/us/shop/catalog/product/f21/top_blouses/2000254781,https://www.forever21.com/images/default_330/00254781-02.jpg,Tie-Front Tropical Parrot Print Cropped Cami,f21/top_blouses/img/page7_00254781-02.jpg,2019-02-26
https://www.forever21.com/us/shop/catalog/product/f21/top_blouses/2000292075,https://www.forever21.com/images/default_330/00292075-01.jpg,Cherry Coke Waffle Knit Crop Top,f21/top_blouses/img/page7_00292075-01.jpg,2019-02-26
https://www.forever21.com/us/shop/catalog/product/f21/top_blouses/2000320212,https://www.forever21.com/images/default_330/00320212-03.jpg,Scoop Neck Seamless Bodysuit,f21/top_blouses/img/page7_00320212-03.jpg,2019-02-26
https://www.forever21.com/us/shop/catalog/product/f21/top_blouses/2000307114,https://www.forever21.com/images/default_330/00307114-02.jpg,Amore Heart Cutout Mock Neck Top,f21/top_blouses/img/page7_00307114-02.jpg,2019-02-26
https://www.forever21.com/us/shop/catalog/product/f21/top_blouses/2000350376,https://www.forever21.com/images/default_330/00350376-01.jpg,Colorblock Cutout Bodysuit,f21/top_blouses/img/page7_00350376-01.jpg,2019-02-26
https://www.forever21.com/us/shop/catalog/product/f21/top_blouses/2000355309,https://www.forever21.com/images/default_330/00355309-01.jpg,Kikiriki O-Ring Tank Top,f21/top_blouses/img/page7_00355309-01.jpg,2019-02-26
https://www.forever21.com/us/shop/catalog/product/f21/top_blouses/2000343248,https://www.forever21.com/images/default_330/00343248-02.jpg,Crochet-Trim Tie-Front Crop Top,f21/top_blouses/img/page7_00343248-02.jpg,2019-02-26
https://www.forever21.com/us/shop/catalog/product/f21/top_blouses/2000318750,https://www.forever21.com/images/default_330/00318750-01.jpg,Handkerchief Chainmail Halter Top,f21/top_blouses/img/page7_00318750-01.jpg,2019-02-26
https://www.forever21.com/us/shop/catalog/product/f21/top_blouses/2000333530,https://www.forever21.com/images/default_330/00333530-03.jpg,One-Shoulder Cami Bodysuit,f21/top_blouses/img/page7_00333530-03.jpg,2019-02-26
https://www.forever21.com/us/shop/catalog/product/f21/top_blouses/2000329244,https://www.forever21.com/images/default_330/00329244-03.jpg,Leopard Print Twist-Front Crop Top,f21/top_blouses/img/page7_00329244-03.jpg,2019-02-26
https://www.forever21.com/us/shop/catalog/product/f21/top_blouses/2000330695,https://www.forever21.com/images/default_330/00330695-03.jpg,Ribbed-Trim Fleece Sweatshirt,f21/top_blouses/img/page7_00330695-03.jpg,2019-02-26
https://www.forever21.com/us/shop/catalog/product/f21/top_blouses/2000294949,https://www.forever21.com/images/default_330/00294949-01.jpg,Cry-Baby Graphic Tee,f21/top_blouses/img/page7_00294949-01.jpg,2019-02-26
https://www.forever21.com/us/shop/catalog/product/f21/top_blouses/2000340464,https://www.forever21.com/images/default_330/00340464-01.jpg,Feminist Graphic Tee,f21/top_blouses/img/page7_00340464-01.jpg,2019-02-26
https://www.forever21.com/us/shop/catalog/product/f21/top_blouses/2000339326,https://www.forever21.com/images/default_330/00339326-01.jpg,She Said Graphic Tee,f21/top_blouses/img/page7_00339326-01.jpg,2019-02-26
https://www.forever21.com/us/shop/catalog/product/f21/top_blouses/2000331585,https://www.forever21.com/images/default_330/00331585-01.jpg,Heart Breaker Graphic Lettuce-Edge Tee,f21/top_blouses/img/page7_00331585-01.jpg,2019-02-26
https://www.forever21.com/us/shop/catalog/product/f21/top_blouses/2000352751,https://www.forever21.com/images/default_330/00352751-01.jpg,Ruched Crop Top,f21/top_blouses/img/page7_00352751-01.jpg,2019-02-26
https://www.forever21.com/us/shop/catalog/product/f21/top_blouses/2000328318,https://www.forever21.com/images/default_330/00328318-04.jpg,Button-Front Crop Top,f21/top_blouses/img/page7_00328318-04.jpg,2019-02-26
https://www.forever21.com/us/shop/catalog/product/f21/top_blouses/2000332406,https://www.forever21.com/images/default_330/00332406-03.jpg,Open-Knit Sweater,f21/top_blouses/img/page7_00332406-03.jpg,2019-02-26
https://www.forever21.com/us/shop/catalog/product/f21/top_blouses/2000333405,https://www.forever21.com/images/default_330/00333405-01.jpg,Linen-Blend Flounce-Hem Top,f21/top_blouses/img/page7_00333405-01.jpg,2019-02-26
https://www.forever21.com/us/shop/catalog/product/f21/top_blouses/2000313487,https://www.forever21.com/images/default_330/00313487-01.jpg,Basic Knit Tee,f21/top_blouses/img/page7_00313487-01.jpg,2019-02-26
https://www.forever21.com/us/shop/catalog/product/f21/top_blouses/2000318933,https://www.forever21.com/images/default_330/00318933-03.jpg,Seamless Crew Bodysuit,f21/top_blouses/img/page7_00318933-03.jpg,2019-02-26
https://www.forever21.com/us/shop/catalog/product/f21/top_blouses/2000329193,https://www.forever21.com/images/default_330/00329193-04.jpg,Knotted High-Low Top,f21/top_blouses/img/page7_00329193-04.jpg,2019-02-26
https://www.forever21.com/us/shop/catalog/product/f21/top_blouses/2000332448,https://www.forever21.com/images/default_330/00332448-04.jpg,Sweater-Knit Crop Top,f21/top_blouses/img/page7_00332448-04.jpg,2019-02-26
https://www.forever21.com/us/shop/catalog/product/f21/top_blouses/2000360210,https://www.forever21.com/images/default_330/00360210-01.jpg,Ribbed Striped-Trim Top,f21/top_blouses/img/page7_00360210-01.jpg,2019-02-26
https://www.forever21.com/us/shop/catalog/product/f21/top_blouses/2000356201,https://www.forever21.com/images/default_330/00356201-01.jpg,Morroco Graphic Halter Top,f21/top_blouses/img/page7_00356201-01.jpg,2019-02-26
https://www.forever21.com/us/shop/catalog/product/f21/top_blouses/2000332014,https://www.forever21.com/images/default_330/00332014-01.jpg,Active Sheer Mesh Knit Tank Top,f21/top_blouses/img/page7_00332014-01.jpg,2019-02-26
https://www.forever21.com/us/shop/catalog/product/f21/top_blouses/2000353675,https://www.forever21.com/images/default_330/00353675-01.jpg,Satin Cropped Cami,f21/top_blouses/img/page7_00353675-01.jpg,2019-02-26
https://www.forever21.com/us/shop/catalog/product/f21/top_blouses/2000354773,https://www.forever21.com/images/default_330/00354773-01.jpg,Off-the-Shoulder Ruffle Top,f21/top_blouses/img/page7_00354773-01.jpg,2019-02-26
https://www.forever21.com/us/shop/catalog/product/f21/top_blouses/2000338947,https://www.forever21.com/images/default_330/00338947-06.jpg,Solid V-Cutout Tee,f21/top_blouses/img/page7_00338947-06.jpg,2019-02-26
https://www.forever21.com/us/shop/catalog/product/f21/top_blouses/2000315745,https://www.forever21.com/images/default_330/00315745-03.jpg,Striped Chiffon Crop Top,f21/top_blouses/img/page7_00315745-03.jpg,2019-02-26
https://www.forever21.com/us/shop/catalog/product/f21/top_blouses/2000301001,https://www.forever21.com/images/default_330/00301001-12.jpg,Basic V-Neck Tee,f21/top_blouses/img/page7_00301001-12.jpg,2019-02-26
https://www.forever21.com/us/shop/catalog/product/f21/top_blouses/2000336176,https://www.forever21.com/images/default_330/00336176-04.jpg,Floral Print Cami,f21/top_blouses/img/page7_00336176-04.jpg,2019-02-26
https://www.forever21.com/us/shop/catalog/product/f21/top_blouses/2000323205,https://www.forever21.com/images/default_330/00323205-04.jpg,Seamless Ribbed Cami Bodysuit,f21/top_blouses/img/page7_00323205-04.jpg,2019-02-26
https://www.forever21.com/us/shop/catalog/product/f21/top_blouses/2000333888,https://www.forever21.com/images/default_330/00333888-04.jpg,Ribbed Lace-Up Bodysuit,f21/top_blouses/img/page7_00333888-04.jpg,2019-02-26
https://www.forever21.com/us/shop/catalog/product/f21/top_blouses/2000354382,https://www.forever21.com/images/default_330/00354382-01.jpg,Twist-Front Cami Bodysuit,f21/top_blouses/img/page7_00354382-01.jpg,2019-02-26
https://www.forever21.com/us/shop/catalog/product/f21/top_blouses/2000334947,https://www.forever21.com/images/default_330/00334947-02.jpg,Tie Dye Tee,f21/top_blouses/img/page7_00334947-02.jpg,2019-02-26
https://www.forever21.com/us/shop/catalog/product/f21/top_blouses/2000352799,https://www.forever21.com/images/default_330/00352799-03.jpg,Off-the-Shoulder Polka-Dot Crop Top,f21/top_blouses/img/page7_00352799-03.jpg,2019-02-26
https://www.forever21.com/us/shop/catalog/product/f21/top_blouses/2000332453,https://www.forever21.com/images/default_330/00332453-02.jpg,Bunny Graphic Tee,f21/top_blouses/img/page7_00332453-02.jpg,2019-02-26
https://www.forever21.com/us/shop/catalog/product/f21/top_blouses/2000335058,https://www.forever21.com/images/default_330/00335058-03.jpg,Sheer Knit Top,f21/top_blouses/img/page7_00335058-03.jpg,2019-02-26
https://www.forever21.com/us/shop/catalog/product/f21/top_blouses/2000333012,https://www.forever21.com/images/default_330/00333012-03.jpg,Leaf Print Shirt,f21/top_blouses/img/page7_00333012-03.jpg,2019-02-26
https://www.forever21.com/us/shop/catalog/product/f21/top_blouses/2000330160,https://www.forever21.com/images/default_330/00330160-02.jpg,Striped V-Neck Cami,f21/top_blouses/img/page7_00330160-02.jpg,2019-02-26
https://www.forever21.com/us/shop/catalog/product/f21/top_blouses/2000332968,https://www.forever21.com/images/default_330/00332968-05.jpg,Notched Collar Shirt,f21/top_blouses/img/page7_00332968-05.jpg,2019-02-26
https://www.forever21.com/us/shop/catalog/product/f21/top_blouses/2000354784,https://www.forever21.com/images/default_330/00354784-01.jpg,Sheer Smocked Crop Top,f21/top_blouses/img/page7_00354784-01.jpg,2019-02-26
https://www.forever21.com/us/shop/catalog/product/f21/top_blouses/2000348024,https://www.forever21.com/images/default_330/00348024-01.jpg,Satin Striped Cami Bodysuit,f21/top_blouses/img/page7_00348024-01.jpg,2019-02-26
https://www.forever21.com/us/shop/catalog/product/f21/top_blouses/2000337193,https://www.forever21.com/images/default_330/00337193-02.jpg,Striped V-Neck  Top,f21/top_blouses/img/page7_00337193-02.jpg,2019-02-26
https://www.forever21.com/us/shop/catalog/product/f21/top_blouses/2000331627,https://www.forever21.com/images/default_330/00331627-01.jpg,New York Embroidered Graphic Bodysuit,f21/top_blouses/img/page7_00331627-01.jpg,2019-02-26
https://www.forever21.com/us/shop/catalog/product/f21/top_blouses/2000334517,https://www.forever21.com/images/default_330/00334517-01.jpg,Iridescent Metallic Pin Dot Crop Top,f21/top_blouses/img/page7_00334517-01.jpg,2019-02-26
https://www.forever21.com/us/shop/catalog/product/f21/top_blouses/2000348617,https://www.forever21.com/images/default_330/00348617-01.jpg,One-Shoulder Crop Top & Cutout Pant Set,f21/top_blouses/img/page7_00348617-01.jpg,2019-02-26
https://www.forever21.com/us/shop/catalog/product/f21/top_blouses/2000350394,https://www.forever21.com/images/default_330/00350394-01.jpg,Good Vibes Graphic Tee,f21/top_blouses/img/page7_00350394-01.jpg,2019-02-26
https://www.forever21.com/us/shop/catalog/product/f21/top_blouses/2000338588,https://www.forever21.com/images/default_330/00338588-03.jpg,Wild Honey Graphic Tee,f21/top_blouses/img/page7_00338588-03.jpg,2019-02-26
https://www.forever21.com/us/shop/catalog/product/f21/top_blouses/2000337391,https://www.forever21.com/images/default_330/00337391-02.jpg,Eyelet Lace Crop Top,f21/top_blouses/img/page7_00337391-02.jpg,2019-02-26
https://www.forever21.com/us/shop/catalog/product/f21/top_blouses/2000347605,https://www.forever21.com/images/default_330/00347605-01.jpg,Woman Graphic Tee,f21/top_blouses/img/page7_00347605-01.jpg,2019-02-26
https://www.forever21.com/us/shop/catalog/product/f21/top_blouses/2000359479,https://www.forever21.com/images/default_330/00359479-02.jpg,Cutout Cropped Tee,f21/top_blouses/img/page7_00359479-02.jpg,2019-02-26
https://www.forever21.com/us/shop/catalog/product/f21/top_blouses/2000340048,https://www.forever21.com/images/default_330/00340048-01.jpg,Mujer Cropped Cami,f21/top_blouses/img/page7_00340048-01.jpg,2019-02-26
https://www.forever21.com/us/shop/catalog/product/f21/top_blouses/2000337749,https://www.forever21.com/images/default_330/00337749-01.jpg,L.A. Girl Gang Graphic Cropped Tee,f21/top_blouses/img/page7_00337749-01.jpg,2019-02-26
https://www.forever21.com/us/shop/catalog/product/f21/top_blouses/2000325097,https://www.forever21.com/images/default_330/00325097-01.jpg,Levis Graphic Tee,f21/top_blouses/img/page7_00325097-01.jpg,2019-02-26
https://www.forever21.com/us/shop/catalog/product/f21/top_blouses/2000325087,https://www.forever21.com/images/default_330/00325087-01.jpg,Levis Striped-Trim Graphic Tee,f21/top_blouses/img/page7_00325087-01.jpg,2019-02-26
https://www.forever21.com/us/shop/catalog/product/f21/top_blouses/2000340875,https://www.forever21.com/images/default_330/00340875-02.jpg,Striped Trim Tee,f21/top_blouses/img/page7_00340875-02.jpg,2019-02-26
https://www.forever21.com/us/shop/catalog/product/f21/top_blouses/2000325122,https://www.forever21.com/images/default_330/00325122-01.jpg,Levis Graphic Bodysuit,f21/top_blouses/img/page7_00325122-01.jpg,2019-02-26
https://www.forever21.com/us/shop/catalog/product/f21/top_blouses/2000336890,https://www.forever21.com/images/default_330/00336890-05.jpg,Knotted Button-Front Cropped Cami,f21/top_blouses/img/page7_00336890-05.jpg,2019-02-26
https://www.forever21.com/us/shop/catalog/product/f21/top_blouses/2000336533,https://www.forever21.com/images/default_330/00336533-06.jpg,Slub Knit Boxy Top,f21/top_blouses/img/page7_00336533-06.jpg,2019-02-26
https://www.forever21.com/us/shop/catalog/product/f21/top_blouses/2000332567,https://www.forever21.com/images/default_330/00332567-02.jpg,Multicolor Stripe Tube Top,f21/top_blouses/img/page7_00332567-02.jpg,2019-02-26
https://www.forever21.com/us/shop/catalog/product/f21/top_blouses/2000337474,https://www.forever21.com/images/default_330/00337474-01.jpg,Camo Buckled Cropped Vest,f21/top_blouses/img/page7_00337474-01.jpg,2019-02-26
https://www.forever21.com/us/shop/catalog/product/f21/top_blouses/2000337576,https://www.forever21.com/images/default_330/00337576-02.jpg,Zebra Print Cropped Cami,f21/top_blouses/img/page7_00337576-02.jpg,2019-02-26
https://www.forever21.com/us/shop/catalog/product/f21/top_blouses/2000347695,https://www.forever21.com/images/default_330/00347695-01.jpg,Cutout Halter Crop Top,f21/top_blouses/img/page7_00347695-01.jpg,2019-02-26
https://www.forever21.com/us/shop/catalog/product/f21/top_blouses/2000338858,https://www.forever21.com/images/default_330/00338858-02.jpg,Floral Open-Knit Halter Top,f21/top_blouses/img/page7_00338858-02.jpg,2019-02-26
https://www.forever21.com/us/shop/catalog/product/f21/top_blouses/2000331351,https://www.forever21.com/images/default_330/00331351-02.jpg,Floral Print Top,f21/top_blouses/img/page7_00331351-02.jpg,2019-02-26
https://www.forever21.com/us/shop/catalog/product/f21/top_blouses/2000333945,https://www.forever21.com/images/default_330/00333945-01.jpg,Radical Revolution Graphic Tee,f21/top_blouses/img/page7_00333945-01.jpg,2019-02-26
https://www.forever21.com/us/shop/catalog/product/f21/top_blouses/2000358956,https://www.forever21.com/images/default_330/00358956-01.jpg,Straight Outta Ireland Graphic Muscle Tee,f21/top_blouses/img/page7_00358956-01.jpg,2019-02-26
https://www.forever21.com/us/shop/catalog/product/f21/top_blouses/2000287469,https://www.forever21.com/images/default_330/00287469-02.jpg,Coke Graphic Henley Top,f21/top_blouses/img/page7_00287469-02.jpg,2019-02-26
https://www.forever21.com/us/shop/catalog/product/f21/top_blouses/2000340422,https://www.forever21.com/images/default_330/00340422-01.jpg,Open-Front Crop Top,f21/top_blouses/img/page7_00340422-01.jpg,2019-02-26
https://www.forever21.com/us/shop/catalog/product/f21/top_blouses/2000334036,https://www.forever21.com/images/default_330/00334036-02.jpg,Striped Tie-Front Top,f21/top_blouses/img/page7_00334036-02.jpg,2019-02-26
https://www.forever21.com/us/shop/catalog/product/f21/top_blouses/2000337712,https://www.forever21.com/images/default_330/00337712-02.jpg,Split Sweater-Knit Tank,f21/top_blouses/img/page7_00337712-02.jpg,2019-02-26
https://www.forever21.com/us/shop/catalog/product/f21/top_blouses/2000342879,https://www.forever21.com/images/default_330/00342879-01.jpg,Sleeveless Ruffle-Trim Top,f21/top_blouses/img/page7_00342879-01.jpg,2019-02-26
https://www.forever21.com/us/shop/catalog/product/f21/top_blouses/2000323955,https://www.forever21.com/images/default_330/00323955-03.jpg,Chiffon V-Neck Top,f21/top_blouses/img/page7_00323955-03.jpg,2019-02-26
https://www.forever21.com/us/shop/catalog/product/f21/top_blouses/2000356540,https://www.forever21.com/images/default_330/00356540-03.jpg,Ruffle Smocked Top,f21/top_blouses/img/page7_00356540-03.jpg,2019-02-26
https://www.forever21.com/us/shop/catalog/product/f21/top_blouses/2000358429,https://www.forever21.com/images/default_330/00358429-02.jpg,Cutout Pocket Tee,f21/top_blouses/img/page7_00358429-02.jpg,2019-02-26
https://www.forever21.com/us/shop/catalog/product/f21/top_blouses/2000337993,https://www.forever21.com/images/default_330/00337993-01.jpg,Geo Surplice Cropped Top,f21/top_blouses/img/page7_00337993-01.jpg,2019-02-26
https://www.forever21.com/us/shop/catalog/product/f21/top_blouses/2000335619,https://www.forever21.com/images/default_330/00335619-03.jpg,Boxy Button-Front Top,f21/top_blouses/img/page7_00335619-03.jpg,2019-02-26
https://www.forever21.com/us/shop/catalog/product/f21/top_blouses/2000334924,https://www.forever21.com/images/default_330/00334924-02.jpg,Striped Tie-Hem Top,f21/top_blouses/img/page7_00334924-02.jpg,2019-02-26
https://www.forever21.com/us/shop/catalog/product/f21/top_blouses/2000335573,https://www.forever21.com/images/default_330/00335573-01.jpg,Open-Knit Lace-Up Longline Sweater,f21/top_blouses/img/page7_00335573-01.jpg,2019-02-26
https://www.forever21.com/us/shop/catalog/product/f21/top_blouses/2000345178,https://www.forever21.com/images/default_330/00345178-01.jpg,Crochet Halter Top,f21/top_blouses/img/page7_00345178-01.jpg,2019-02-26
https://www.forever21.com/us/shop/catalog/product/f21/top_blouses/2000350148,https://www.forever21.com/images/default_330/00350148-01.jpg,Sheer Mesh Bodysuit,f21/top_blouses/img/page7_00350148-01.jpg,2019-02-26
https://www.forever21.com/us/shop/catalog/product/f21/top_blouses/2000341189,https://www.forever21.com/images/default_330/00341189-01.jpg,Faith Graphic Paisley-Sleeve Top,f21/top_blouses/img/page7_00341189-01.jpg,2019-02-26
https://www.forever21.com/us/shop/catalog/product/f21/top_blouses/2000340407,https://www.forever21.com/images/default_330/00340407-02.jpg,Cherry Lips Graphic Tee,f21/top_blouses/img/page7_00340407-02.jpg,2019-02-26
https://www.forever21.com/us/shop/catalog/product/f21/top_blouses/2000343217,https://www.forever21.com/images/default_330/00343217-01.jpg,Newsprint Cropped Tank Top,f21/top_blouses/img/page7_00343217-01.jpg,2019-02-26
https://www.forever21.com/us/shop/catalog/product/f21/top_blouses/2000339635,https://www.forever21.com/images/default_330/00339635-03.jpg,Cropped Tube Top,f21/top_blouses/img/page7_00339635-03.jpg,2019-02-26
https://www.forever21.com/us/shop/catalog/product/f21/top_blouses/2000340490,https://www.forever21.com/images/default_330/00340490-02.jpg,BBY GRL Graphic Crop Top,f21/top_blouses/img/page7_00340490-02.jpg,2019-02-26
https://www.forever21.com/us/shop/catalog/product/f21/top_blouses/2000333185,https://www.forever21.com/images/default_330/00333185-05.jpg,Fishnet Crop Top,f21/top_blouses/img/page7_00333185-05.jpg,2019-02-26
https://www.forever21.com/us/shop/catalog/product/f21/top_blouses/2000340244,https://www.forever21.com/images/default_330/00340244-01.jpg,Flashdance Graphic Tee,f21/top_blouses/img/page7_00340244-01.jpg,2019-02-26
https://www.forever21.com/us/shop/catalog/product/f21/top_blouses/2000338295,https://www.forever21.com/images/default_330/00338295-02.jpg,Ocean Drive Graphic Tee,f21/top_blouses/img/page7_00338295-02.jpg,2019-02-26
https://www.forever21.com/us/shop/catalog/product/f21/top_blouses/2000335103,https://www.forever21.com/images/default_330/00335103-02.jpg,Floral Print Crop Top,f21/top_blouses/img/page7_00335103-02.jpg,2019-02-26
https://www.forever21.com/us/shop/catalog/product/f21/top_blouses/2000356952,https://www.forever21.com/images/default_330/00356952-02.jpg,Strong Woman Graphic Muscle Tank,f21/top_blouses/img/page7_00356952-02.jpg,2019-02-26
https://www.forever21.com/us/shop/catalog/product/f21/top_blouses/2000346082,https://www.forever21.com/images/default_330/00346082-01.jpg,Ombre Lace-Up Bodysuit,f21/top_blouses/img/page7_00346082-01.jpg,2019-02-26
https://www.forever21.com/us/shop/catalog/product/f21/top_blouses/2000360323,https://www.forever21.com/images/default_330/00360323-01.jpg,Pleated Cami Top,f21/top_blouses/img/page7_00360323-01.jpg,2019-02-26
